[{"id":1,"destination":"Tokyo","tripRange":"2 Apr, 2020 - 5 Apr, 2020","venue":"Eko Hotel","pictures":["https://pixabay.com/get/54e1d24b4d5ab108f5d08460c62d3f7d1737dfe74e507441702779d59149c1_1280.jpg","https://pixabay.com/get/52e3d04b4d57a914f6da8c7dda293276163dd6e4514c704c7d2a73d6964bc15c_1280.jpg"],"dates":["1585782000","1585868400","1585954800","1586041200"],"weather":[{"time":1585782000,"summary":"Windy and Partly Cloudy","icon":"wind","precipIntensity":0.0018,"precipProbability":0.05,"precipType":"rain","temperature":55.85,"apparentTemperature":55.85,"dewPoint":37.34,"humidity":0.5,"pressure":1004.8,"windSpeed":24.98,"windGust":44.44,"windBearing":329,"cloudCover":0.38,"uvIndex":2,"visibility":10,"ozone":355.3},{"time":1585868400,"summary":"Clear","icon":"clear-day","precipIntensity":0.0002,"precipProbability":0.01,"precipType":"rain","temperature":49.49,"apparentTemperature":49.49,"dewPoint":27.91,"humidity":0.43,"pressure":1023,"windSpeed":2.13,"windGust":5.8,"windBearing":47,"cloudCover":0,"uvIndex":2,"visibility":10,"ozone":340.9},{"time":1586041200,"summary":"Mostly Cloudy","icon":"partly-cloudy-day","precipIntensity":0.0005,"precipProbability":0.02,"precipType":"rain","temperature":51.41,"apparentTemperature":51.41,"dewPoint":36.55,"humidity":0.57,"pressure":1012.5,"windSpeed":10.66,"windGust":10.99,"windBearing":10,"cloudCover":0.79,"uvIndex":2,"visibility":10,"ozone":362.8},{"time":1585954800,"summary":"Clear","icon":"clear-day","precipIntensity":0,"precipProbability":0,"temperature":55.32,"apparentTemperature":55.32,"dewPoint":42.68,"humidity":0.62,"pressure":1017.9,"windSpeed":4.18,"windGust":7.19,"windBearing":209,"cloudCover":0,"uvIndex":2,"visibility":10,"ozone":364.2}],"coordinates":"35.674938,139.76193"}]